date,proxy,market,window,bias,qty,entry,stop,target,exit,outcome,pts,r,dollars
2026-09-22,SPY,ES,NYMEX open 9-10a,bear,,774.25,774.61,773.89,,signal,,,
2026-09-22,SPY,ES,NYMEX open 9-10a,bear,516,774.26,,,774.68,stop,-0.42,-1.18,-218.72
2026-09-25,QQQ,NQ,Midday 12-1p,bear,,744.87,745.92,743.82,,signal,,,
2026-09-25,QQQ,NQ,Midday 12-1p,bear,537,744.91,,,744.7,time,0.21,0.2,110.69
2026-09-25,SPY,ES,Midday 12-1p,bear,,771.08,771.26,770.72,,signal,,,
2026-09-25,SPY,ES,Midday 12-1p,bear,518,771.08,,,771.35,stop,-0.27,-1.5,-139.86
2026-09-25,SPY,ES,NYMEX open 9-10a,bull,,769.68,769.31,770.79,,signal,,,
2026-09-25,SPY,ES,NYMEX open 9-10a,bull,519,769.68,,,769.26,stop,-0.42,-1.14,-217.98
2026-09-25,SPY,ES,Pre-market 8-9a,bear,,770.26,771.04,767.92,,signal,,,
2026-09-25,SPY,ES,Pre-market 8-9a,bear,519,770.26,,,767.92,target,2.34,3.0,1214.46
2026-09-28,SPY,ES,Late-morning 11a-12p,bull,,765.04,763.7,768.39,,signal,,,
2026-09-28,SPY,ES,Pre-market 8-9a,bear,,768.58,769.05,767.17,,signal,,,
2026-09-28,SPY,ES,Pre-market 8-9a,bear,520,768.6,,,767.17,target,1.43,3.04,743.6
2026-09-29,SPY,ES,Late-morning 11a-12p,bull,,763.69,763.57,763.99,,signal,,,
2026-09-29,SPY,ES,Late-morning 11a-12p,bull,523,763.69,,,763.52,stop,-0.17,-1.41,-88.31
2026-09-29,SPY,ES,Pre-market 8-9a,bear,,767.05,767.06,767.02,,signal,,,
2026-09-29,SPY,ES,Pre-settle 1:30-2:30p,bull,,763.59,762.74,766.14,,signal,,,
2026-09-30,QQQ,NQ,Midday 12-1p,bear,,744.19,745.11,743.27,,signal,,,
2026-09-30,SPY,ES,Pre-settle 1:30-2:30p,bull,,767.86,767.71,768.31,,signal,,,
2026-09-30,SPY,ES,Pre-settle 1:30-2:30p,bull,520,767.31,,,767.29,stop,-0.02,-0.16,-12.74
2026-10-01,SPY,ES,Pre-settle 1:30-2:30p,bear,,764.1,764.5,762.9,,signal,,,
2026-10-01,SPY,ES,Pre-settle 1:30-2:30p,bear,523,764.1,,,764.56,stop,-0.46,-1.15,-240.58
2026-10-05,SPY,ES,Midday 12-1p,bear,,773.01,773.06,772.91,,signal,,,
2026-10-05,SPY,ES,Pre-market 8-9a,bear,,769.41,770.08,767.4,,signal,,,
2026-10-06,SPY,ES,Pre-market 8-9a,bear,,778.15,778.53,777.01,,signal,,,
2026-10-06,SPY,ES,Pre-settle 1:30-2:30p,bull,,779.52,779.38,779.94,,signal,,,
2026-10-07,SPY,ES,Pre-market 8-9a,bull,,776.3,775.57,778.49,,signal,,,
2026-10-07,SPY,ES,Pre-market 8-9a,bull,,776.3,775.57,778.49,,skip-no-quote,,,
2026-10-07,SPY,ES,Pre-settle 1:30-2:30p,bear,,777.2,777.39,776.63,,signal,,,
2026-10-07,SPY,ES,Pre-settle 1:30-2:30p,bear,,777.2,777.39,776.63,,skip-stop-too-tight,,,
2026-10-08,SPY,ES,Pre-market 8-9a,bear,,773.95,774.57,772.09,,skip-no-quote,,,
